codigo,link,data_recebimento
MDS-CQ-001,,21/11/2025
MDS-CQ-002,,21/11/2025
MDS-CQ-021,,21/11/2025
MDS-CQ-003,,27/11/2025
MDS-CQ-004,,27/11/2025
MDS-CQ-006,,27/11/2025
MDS-CQ-007,,27/11/2025
MDS-CQ-008,,27/11/2025
MDS-CQ-009,,27/11/2025
MDS-CQ-010,,27/11/2025
MDS-CQ-011,,27/11/2025
MDS-CQ-012,,27/11/2025
MDS-CQ-013,,27/11/2025
MDS-CQ-014,,27/11/2025
MDS-CQ-015,,27/11/2025
MDS-CQ-016,,27/11/2025
MDS-CQ-017,,27/11/2025
MDS-CQ-018,,27/11/2025
MDS-CQ-020,,27/11/2025
MDS-CQ-022,,27/11/2025
MDS-CQ-023,,27/11/2025
MDS-CQ-024,,27/11/2025
MDS-CQ-026,,27/11/2025
MDS-CQ-027,,27/11/2025
MDS-CQ-029,,27/11/2025
MDS-CQ-030,,27/11/2025
MDS-CQ-031,,27/11/2025
MDS-CQ-032,,27/11/2025
MDS-CQ-033,,21/11/2025
MDS-AL-016,,27/11/2025
MDS-AL-017,,27/11/2025
MDS-AL-018,,27/11/2025
MDS-AL-019,,27/11/2025
MDS-AL-020,,27/11/2025
MDS-AL-021,,27/11/2025
MDS-AL-022,,27/11/2025
MDS-AL-023,,27/11/2025
MDS-AL-024,,27/11/2025
MDS-AL-025,,27/11/2025
MDS-AL-026,,27/11/2025
MDS-AL-027,,27/11/2025
MDS-AL-028,,27/11/2025
MDS-AL-029,,21/11/2025
MDS-AL-030,,02/06/2025
MDS-AL-031,,27/11/2025
MDS-AL-032,,27/11/2025
MDS-CQ-005,,21/11/2025
MDS-AL-010,,21/11/2025